foundation,tax_year,recipient,amount,purpose,city,state,irs_object_id
Howard G. Buffett Foundation,2024,African Parks Foundation of America,600000,Rhino Protection Akagera Park - Rwanda,New York,NY,pdf:470824756_202412
Howard G. Buffett Foundation,2024,Alight,50751,Farmerhood Program - Ukraine,Minneapolis,MN,pdf:470824756_202412
Howard G. Buffett Foundation,2024,American Enterprise Institute,332953,Education and Research - Ukraine,Washington,DC,pdf:470824756_202412
Howard G. Buffett Foundation,2024,Applied Research Center,1240361,Cross-Border Trafficking Intervention Program - US,Laramie,WY,pdf:470824756_202412
Howard G. Buffett Foundation,2024,Bridgeway Foundation,32948302,ISCAP Defection and DDR Campaign - Democratic Republic of Congo,Houston,TX,pdf:470824756_202412
Howard G. Buffett Foundation,2024,Center for Rural Affairs,350000,Rural Cooperative Grocery Support Program - US,Lyons,NE,pdf:470824756_202412
Howard G. Buffett Foundation,2024,Center for Strategic and International Studies,1195792,Program Support for Analyisis and Education on the Study of War - Ukraine,Washington,DC,pdf:470824756_202412
Howard G. Buffett Foundation,2024,Center for Strategic and International Studies,232681,International Representation Project - Ukraine,Washington,DC,pdf:470824756_202412
Howard G. Buffett Foundation,2024,Center to Combat Human Trafficking,100000,General Support - US,Decatur,IL,pdf:470824756_202412
Howard G. Buffett Foundation,2024,Chico State Enterprises/California State University,70301,Agriculture Research for Smallholder Farmers - US,Chico,CA,pdf:470824756_202412
Howard G. Buffett Foundation,2024,Cochise County Sheriff's Assist Team (SAT),22500,Community Support - US,Sierra Vista,AZ,pdf:470824756_202412
Howard G. Buffett Foundation,2024,Colombian Relief Fund,1249864,Catatumbo School- Colombia,New York,NY,pdf:470824756_202412
Howard G. Buffett Foundation,2024,Conflict and Development Foundation,488957,Demining Equipment - Ukraine,Castroville,TX,pdf:470824756_202412
Howard G. Buffett Foundation,2024,Conflict and Development Foundation,2069480,UZ Food Train Operations - Ukraine,Castroville,TX,pdf:470824756_202412
Howard G. Buffett Foundation,2024,Conflict and Development Foundation,20400000,Humanitarian Infrastructure - Ukraine,Castroville,TX,pdf:470824756_202412
Howard G. Buffett Foundation,2024,Conflict and Development Foundation,7391526,Police Station Infrastructure Renovations - Tibu Colombia,Castroville,TX,pdf:470824756_202412
Howard G. Buffett Foundation,2024,Conflict and Development Foundation,2358916,Humanitarian Infrastructure - Ukraine,Castroville,TX,pdf:470824756_202412
Howard G. Buffett Foundation,2024,Conflict and Development Foundation,2941431,Early Warning Evacuation Infrastructure - Ukraine,Castroville,TX,pdf:470824756_202412
Howard G. Buffett Foundation,2024,Conflict and Development Foundation,12938330,Humanitarian Infrastructure - Ukraine,Castroville,TX,pdf:470824756_202412
Howard G. Buffett Foundation,2024,Conflict and Development Foundation,217683,Humanitarian Infrastructure Design - Ukraine,Castroville,TX,pdf:470824756_202412
Howard G. Buffett Foundation,2024,Conflict and Development Foundation,12747833,Critical Production Equipment - Ukraine,Castroville,TX,pdf:470824756_202412
Howard G. Buffett Foundation,2024,Conflict and Development Foundation,247194,Citizen Evaucation Equipment - Ukraine,Castroville,TX,pdf:470824756_202412
Howard G. Buffett Foundation,2024,Conflict and Development Foundation,8964022,Modular Power Plants - Ukraine,Castroville,TX,pdf:470824756_202412
Howard G. Buffett Foundation,2024,Conflict and Development Foundation,12000000,Humanitarian Infrastructure - Ukraine,Castroville,TX,pdf:470824756_202412
Howard G. Buffett Foundation,2024,Conflict and Development Foundation,25000000,Reintegration Facility for Individuals with Prosthetics - Ukraine,Castroville,TX,pdf:470824756_202412
Howard G. Buffett Foundation,2024,Conflict and Development Foundation,292683,Police K9 Center - Ukraine,Castroville,TX,pdf:470824756_202412
Howard G. Buffett Foundation,2024,Conflict and Development Foundation,16800000,Emergency Bomb Shelters Lozova Schools - Ukraine,Castroville,TX,pdf:470824756_202412
Howard G. Buffett Foundation,2024,Conflict and Development Foundation,8892563,Children's Education Infrastructure - Rehabilitation Ukraine,Castroville,TX,pdf:470824756_202412
Howard G. Buffett Foundation,2024,Covenant House New Jersey,609662,-Labor Trafficking Program - US Anti,Newark,NJ,pdf:470824756_202412
Howard G. Buffett Foundation,2024,Criminal Justice Coordinating Council,11560611,Anti-Labor Trafficking Program - US,Atlanta,GA,pdf:470824756_202412
Howard G. Buffett Foundation,2024,Danish Refugee Council,4060989,Support for Humanitarian Demining - Ukraine,1300 Copenhagen K,,pdf:470824756_202412
Howard G. Buffett Foundation,2024,Decatur Park District,63689,Community Support - US,Decatur,IL,pdf:470824756_202412
Howard G. Buffett Foundation,2024,Decatur Public Schools Foundation,9657,Community Support Equipment In Kind - US,Decatur,IL,pdf:470824756_202412
Howard G. Buffett Foundation,2024,Fair Food Standards Council and Coalition of Immokalee Workers,1608500,US Department of Agriculture Pilot Expansion - US,Immokalee,FL,pdf:470824756_202412
Howard G. Buffett Foundation,2024,Farm Journal Agricultural Foundation,302300,Rwanda Conservation Agricultural Strategy and Communications - US,St. Louis,MO,pdf:470824756_202412
Howard G. Buffett Foundation,2024,Farm Journal Agricultural Foundation,27000,Videography Support - Rwanda,St. Louis,MO,pdf:470824756_202412
Howard G. Buffett Foundation,2024,Friends of the Sierra Vista Animal Shelter,20000,General Support (Trustee Designated Grant) - US,Sierra Vista,AZ,pdf:470824756_202412
Howard G. Buffett Foundation,2024,Frontline Medics,100000,General Support - Ukraine,Loma Linda,CA,pdf:470824756_202412
Howard G. Buffett Foundation,2024,Glasswing International,30841088,Youth Impact Leaders Program - Guatemala and Honduras,New York,NY,pdf:470824756_202412
Howard G. Buffett Foundation,2024,Global Empowerment Mission,32907475,Humanitarian Family Necessity Kits - Newly Liberated Communities - Ukraine,Doral,FL,pdf:470824756_202412
Howard G. Buffett Foundation,2024,Global Empowerment Mission,1971325,Vegetable Seeds Included in Food Distributions - Eastern Ukraine,Doral,FL,pdf:470824756_202412
Howard G. Buffett Foundation,2024,Global Empowerment Mission,2000000,Humanitarian Supplies - Ukraine,Doral,FL,pdf:470824756_202412
Howard G. Buffett Foundation,2024,Global Empowerment Mission,11200000,Humanitarian Infrastructure Program - Ukraine,Doral,FL,pdf:470824756_202412
Howard G. Buffett Foundation,2024,HALO-USA,31523491,Capacity Expansion for Demining Agricultural Areas - Ukraine,Washington,DC,pdf:470824756_202412
Howard G. Buffett Foundation,2024,Heartland Family Services / Sanctuary House,911972,Support for Human Trafficking Victims - US,Omaha,NE,pdf:470824756_202412
Howard G. Buffett Foundation,2024,Illinois Secretary of State Police Hazardous Device Unit,19409,Explosive Detection K-9 Program - US,Springfield,IL,pdf:470824756_202412
Howard G. Buffett Foundation,2024,Institute for the Study of War,2000000,General Support - Ukraine,Washington,DC,pdf:470824756_202412
Howard G. Buffett Foundation,2024,Institute for the Study of War,1000000,Support for Journalistic Integrity and Reporting - Ukraine,Portland,OR,pdf:470824756_202412
Howard G. Buffett Foundation,2024,Integral Ecology Research Center,92509,Environmental Impact Study - US,Blue Lake,CA,pdf:470824756_202412
Howard G. Buffett Foundation,2024,International Justice Mission,3474158,Strengthening Rule of Law in Tibu - Colombia,Arlington,VA,pdf:470824756_202412
Howard G. Buffett Foundation,2024,International Women's Media Foundation,1221063,Information and Education- Ukraine,Washington,DC,pdf:470824756_202412
Howard G. Buffett Foundation,2024,Legal Aid Society of Metropolitan Family Services,2687262,Anti-Labor Trafficking Program - US,Chicago,IL,pdf:470824756_202412
Howard G. Buffett Foundation,2024,"Level the Playing Field, Inc",20000,General Support (Trustee Designated Grant) - US,Washington,DC,pdf:470824756_202412
Howard G. Buffett Foundation,2024,"Lilly's Voice, Inc",20000,General Support (Trustee Designated Grant) - US,Meridian,ID,pdf:470824756_202412
Howard G. Buffett Foundation,2024,Love 146,2736738,Anti Human Trafficking Prevention Program - US,New Haven,CT,pdf:470824756_202412
Howard G. Buffett Foundation,2024,Mercy Corps,41135366,"Voluntary Coca Substitution and Land Titling for Small Holder Farmers - Tibu, Colombia",Portland,OR,pdf:470824756_202412
Howard G. Buffett Foundation,2024,Mercy Corps,19000000,Agricultural Support for Small Sized Farmer Operations - Ukraine,Portland,OR,pdf:470824756_202412
Howard G. Buffett Foundation,2024,Mercy Corps,5821619,Algo Nuevo Expansion - Colombia,Portland,OR,pdf:470824756_202412
Howard G. Buffett Foundation,2024,Mountain Seed Foundation,325975,Family Recovery Programs - Ukraine,Centreville,VA,pdf:470824756_202412
Howard G. Buffett Foundation,2024,NOVA Ukraine,845400,Humanitarian Warming Centers - Ukraine,Palo Alto,CA,pdf:470824756_202412
Howard G. Buffett Foundation,2024,NOVA Ukraine,340381,Iron Squad Program for Youth - Ukraine,Palo Alto,CA,pdf:470824756_202412
Howard G. Buffett Foundation,2024,NOVA Ukraine,132500,General Operating Support - Ukraine,Palo Alto,CA,pdf:470824756_202412
Howard G. Buffett Foundation,2024,National Police of Ukraine,537000,"Investigation Equipment, for Crimes Against Humanity Equipment In Kind - Ukraine","Kyiv, Ukraine 01601",,pdf:470824756_202412
Howard G. Buffett Foundation,2024,National Police of Ukraine,1982344,K-9 Vet Equipment; Search and Rescue and Explosive Detection - Ukraine,"Kyiv, Ukraine 01601",,pdf:470824756_202412
Howard G. Buffett Foundation,2024,National Police of Ukraine,195000,Emergency Response Equipment In Kind - Ukraine,"Kyiv, Ukraine 01601",,pdf:470824756_202412
Howard G. Buffett Foundation,2024,National Police of Ukraine,233000,"Investigation Equipment, for Crimes Against Humanity Equipment In Kind - Ukraine","Kyiv, 01601",,pdf:470824756_202412
Howard G. Buffett Foundation,2024,National Police of Ukraine,10500,Emergency Response Equipment In Kind - Ukraine,"Kyiv, Ukraine 01601",,pdf:470824756_202412
Howard G. Buffett Foundation,2024,National Police of Ukraine,1319025,"Investigation Equipment, for Crimes Against Humanity Equipment In Kind - Ukraine","Kyiv, Ukraine 01601",,pdf:470824756_202412
Howard G. Buffett Foundation,2024,New Jersey Office of the Attorney General,205509,-Labor Trafficking Program - US Anti,Trenton,NJ,pdf:470824756_202412
Howard G. Buffett Foundation,2024,North Dakota State University,360000,Advancing Soil Science Research - US,Fargo,ND,pdf:470824756_202412
Howard G. Buffett Foundation,2024,Northern California Coalition to Safeguard Communities,1591506,Anti-Labor Trafficking Program - US,Eureka,CA,pdf:470824756_202412
Howard G. Buffett Foundation,2024,Pennsylvania Office of the Attorney General,10762615,Anti-Labor Trafficking Program - US,Harrisburg,PA,pdf:470824756_202412
Howard G. Buffett Foundation,2024,Project Expedite Justice,2636010,Support for Investigation of War Crimes - Ukraine,Kealakekua,HI,pdf:470824756_202412
Howard G. Buffett Foundation,2024,Project Expedite Justice,750000,Equipment - Ukraine,Kealakekua,HI,pdf:470824756_202412
Howard G. Buffett Foundation,2024,Project Expedite Justice,1446560,Support for Investigation of War Crimes - Ukraine,Kealakekua,HI,pdf:470824756_202412
Howard G. Buffett Foundation,2024,Project Expedite Justice,38153,Invstigative Equipment Kharkiv - Ukraine,Kealakekua,HI,pdf:470824756_202412
Howard G. Buffett Foundation,2024,Project Expedite Justice,1059250,Support for Investigation of War Crimes - Ukraine,Kealakekua,HI,pdf:470824756_202412
Howard G. Buffett Foundation,2024,Public Safety Training Foundation,5000000,Law Enforcement Training Support - US,Decatur,IL,pdf:470824756_202412
Howard G. Buffett Foundation,2024,"Razom, Inc",1622826,Humanitarian Support - Ukraine,New York,NY,pdf:470824756_202412
Howard G. Buffett Foundation,2024,"Razom, Inc",786257,Medical Equipment in Kind - Ukraine,New York,NY,pdf:470824756_202412
Howard G. Buffett Foundation,2024,Richland Community College Foundation,11960,Law Enforcement Internship Program - US,Decatur,IL,pdf:470824756_202412
Howard G. Buffett Foundation,2024,"Save Ukraine, Inc",49436,General Support - Ukraine,New York,NY,pdf:470824756_202412
Howard G. Buffett Foundation,2024,"Save Ukraine, Inc",648542,Iron Squad Program for Youth - Ukraine,New York,NY,pdf:470824756_202412
Howard G. Buffett Foundation,2024,St. Lawrence County Sheriff's Office,7056620,Anti-Labor Trafficking Program - US,48 Court St. Canton,NY,pdf:470824756_202412
Howard G. Buffett Foundation,2024,St. Lawrence Valley Renewal House for Victims of Family Violence,20500,Anti-Labor Trafficking Program - US,Canton,NY,pdf:470824756_202412
Howard G. Buffett Foundation,2024,State Emergency Service of Ukraine,1208588,Public Safety Equipment In Kind - Ukraine,"Kyiv, Ukraine 08200",,pdf:470824756_202412
Howard G. Buffett Foundation,2024,State Emergency Service of Ukraine,901120,Emergency Vehicles Equipment In Kind - Ukraine,"Kyiv, Ukraine 08200",,pdf:470824756_202412
Howard G. Buffett Foundation,2024,State Emergency Service of Ukraine,5350276,Emergency Vehicles Equipment In Kind - Ukraine,"Kyiv, Ukraine 08200",,pdf:470824756_202412
Howard G. Buffett Foundation,2024,State Emergency Service of Ukraine (Multiple Regions),418716,Humanitarian Emergency Shelters Equipment In Kind - Ukraine,"Ukraine, 85102",,pdf:470824756_202412
Howard G. Buffett Foundation,2024,Stichting Everyday Refugees,200000,Refugee Awareness Programs - The Netherlands,"Amsterdam, The Netherlands",,pdf:470824756_202412
Howard G. Buffett Foundation,2024,Superhumans,2021000,General Support - Ukraine,Jersey City,NJ,pdf:470824756_202412
Howard G. Buffett Foundation,2024,Superhumans,15862247,Prosthetics - Ukraine,Jersey City,NJ,pdf:470824756_202412
Howard G. Buffett Foundation,2024,Swiss Demining Foundation,4126060,Humanitarian Demining Support - Ukraine,"Geneva, Switzerland",,pdf:470824756_202412
Howard G. Buffett Foundation,2024,The Bronx Documentary Center,60131,Photo Journalism Exhibit - US,Bronx,NY,pdf:470824756_202412
Howard G. Buffett Foundation,2024,The Cougar Fund,35000,Boderland Migration and Conservation Project - US,Jackson,WY,pdf:470824756_202412
Howard G. Buffett Foundation,2024,The Public Institution Central Project Management Agency,44011,Support for Humanitarian Demining - Ukraine,"Lithuania, Vilnius LT-03109",,pdf:470824756_202412
Howard G. Buffett Foundation,2024,The Public Institution Central Project Management Agency,856964,Support for Humanitarian Demining - Ukraine,"Lithuania, Vilnius LT-03109",,pdf:470824756_202412
Howard G. Buffett Foundation,2024,The Tony Blair Foundation,900683,Support for Strategic Investment Council - Ukraine,New York,NY,pdf:470824756_202412
Howard G. Buffett Foundation,2024,The Tony Blair Foundation,467688,National Human Capital Strategy - Ukraine,New York,NY,pdf:470824756_202412
Howard G. Buffett Foundation,2024,The Tony Blair Foundation,1986929,Support for Government of Ukraine's Mine Action Strategy - Ukraine,New York,NY,pdf:470824756_202412
Howard G. Buffett Foundation,2024,The Ukraine Foundation,1788523,Agricultural Equipment In Kind - Ukraine,"Kyiv, 03110, Ukraine",,pdf:470824756_202412
Howard G. Buffett Foundation,2024,The Ukraine Foundation,658576,Demining Equipment In Kind - Ukraine,"Kyiv, 03110, Ukraine",,pdf:470824756_202412
Howard G. Buffett Foundation,2024,The Ukraine Foundation,102000,Humanitarian Equipment In Kind - Ukraine,"Kyiv, 03110, Ukraine",,pdf:470824756_202412
Howard G. Buffett Foundation,2024,The Ukraine Foundation,374399,Humanitarian Demining - Equipment In Kind - Ukraine,"Kyiv, 03110, Ukraine",,pdf:470824756_202412
Howard G. Buffett Foundation,2024,The Ukraine Foundation,1162353,Humanitarian Support - Ukraine,"Kyiv, 03110, Ukraine",,pdf:470824756_202412
Howard G. Buffett Foundation,2024,The Ukraine Foundation,2214000,Demining Equipment In Kind - Ukraine,"Kyiv, 03110, Ukraine",,pdf:470824756_202412
Howard G. Buffett Foundation,2024,ThirdWave Volunteers,220500,Support for Medical Equipment Pediatric Burn Unit - Ukraine,Miami,FL,pdf:470824756_202412
Howard G. Buffett Foundation,2024,United Nations World Food Programme (UNWFP),1000000,Ex-Combatants Peace Program - Colombia,"Rome, Italy",,pdf:470824756_202412
Howard G. Buffett Foundation,2024,University of Chicago,20000,General Support (Trustee Designated Grant) - US,Chicago,IL,pdf:470824756_202412
Howard G. Buffett Foundation,2024,Utah Film Center,1896848,Education and Outreach Campaign - Ukraine,Salt Lake City,UT,pdf:470824756_202412
Howard G. Buffett Foundation,2024,Victory Harvest,4876105,Agricultural Farm Equipment In Kind - Ukraine,"Rivne Region, Ukraine",,pdf:470824756_202412
Howard G. Buffett Foundation,2024,Victory Harvest,825000,Agricultural Farm Equipment - Ukraine,"Rivne Region, Ukraine",,pdf:470824756_202412
Howard G. Buffett Foundation,2024,Victory Harvest,992411,Operating Support - Ukraine,"Rivne Region, Ukraine",,pdf:470824756_202412
Howard G. Buffett Foundation,2024,"WNY Coalition of Farmworkers Serving Agencies, Inc",426197,Anti-Labor Trafficking Program - US,Rochester,NY,pdf:470824756_202412
Howard G. Buffett Foundation,2024,Waymakers,292846,General Support - US,Santa Ana,CA,pdf:470824756_202412
Howard G. Buffett Foundation,2024,Zoological Society of London,1059620,Africa Wide Cheetah Conservation Initiative - Africa,"London, United Kingdom",,pdf:470824756_202412
